{"cameraMode":{"drawMode":0,"name":"Shaded","section":"Shading Mode"},"sceneLighting":true,"audioPlay":false,"sceneViewState":{"showFog":true,"showMaterialUpdate":false,"showSkybox":true,"showFlares":true,"showImageEffects":true,"showParticleSystems":true},"in2DMode":false,"pivot":{"x":335.7747802734375,"y":0.5324509143829346,"z":399.2256164550781},"rotation":{"x":0.09167056530714035,"y":0.8831255435943604,"z":-0.19406478106975556,"w":0.4171625077724457},"size":18.66738510131836,"orthographic":false}